Lat;Long;Dronable
42.454554;-73.195302;depot
42.409158;-73.26558;1
42.408048;-73.263985;1
42.401527;-73.26596;1
42.417496;-73.235031;0
42.409427;-73.232339;1
42.401554;-73.264236;1
42.392324;-73.256841;1
42.404713;-73.266854;1
42.407131;-73.258945;1
42.395887;-73.258332;1
42.413255;-73.275306;1
42.407868;-73.259102;0
42.402156;-73.122853;0
42.402132;-73.235097;1
42.417245;-73.230758;0